Steel,Crude Oil,Copper,Rubber,Auto Components,Consumer Electronics,Edible Oil,Chemicals,Pharmaceuticals
Steel import tariffs USA,Crude oil reserves USA,Copper mining disruptions USA,Rubber trade barriers USA,Auto components shortage USA,Electronics supply chain USA,Edible oil import USA,Chemicals logistics USA,Pharmaceuticals regulation USA
Steel mill shutdowns USA,Crude oil pipeline USA,Copper price volatility USA,Rubber inflation USA,Auto components tariffs USA,Consumer durables demand USA,Edible oil market volatility USA,Chemicals market trends USA,Pharmaceuticals patent USA
Steel industry layoffs USA,Crude oil export USA,Copper trade agreement USA,Rubber manufacturing USA,Auto components innovation USA,Electronics tariffs USA,Edible oil production USA,Chemicals environmental impact USA,Pharmaceuticals supply chain USA
Steel production increase USA,Crude oil drilling USA,Copper recycling USA,Rubber supply chain USA,Auto components logistics USA,Consumer durables tariffs USA,Edible oil sustainability USA,Chemicals trade war USA,Pharmaceuticals outsourcing USA
Steel market trends USA,Crude oil market trends USA,Copper stockpile USA,Rubber market trends USA,Auto components market trends USA,Electronics market trends USA,Edible oil trade war USA,Chemicals supply chain USA,Pharmaceuticals market trends USA
Steel trade war USA,Crude oil sustainability USA,Copper sustainability USA,Rubber sustainability USA,Auto components sustainability USA,Electronics recycling USA,Edible oil logistics USA,Chemicals recycling USA,Pharmaceuticals clinical trials USA
Steel logistics USA,Crude oil logistics USA,Copper logistics USA,Rubber logistics USA,Auto components trade war USA,Consumer durables logistics USA,Edible oil trade agreement USA,Chemicals patent USA,Pharmaceuticals import USA
Steel recycling USA,Crude oil recycling USA,Copper import tariffs USA,Rubber import tariffs USA,Auto components recycling USA,Electronics import tariffs USA,Edible oil import tariffs USA,Chemicals import tariffs USA,Pharmaceuticals export USA
Steel sustainability USA,Crude oil trade agreement USA,Copper logistics USA,Rubber recycling USA,Auto components market volatility USA,Consumer durables market volatility USA,Edible oil market trends USA,Chemicals sustainability USA,Pharmaceuticals market volatility USA
Steel market volatility USA,Crude oil market volatility USA,Copper market volatility USA,Rubber market volatility USA,Auto components environmental impact USA,Electronics environmental impact USA,Edible oil environmental impact USA,Chemicals environmental impact USA,Pharmaceuticals environmental impact USA
Steel trade agreement USA,Crude oil trade war USA,Copper environmental impact USA,Rubber trade agreement USA,Auto components patent USA,Electronics patent USA,Edible oil patent USA,Chemicals market volatility USA,Pharmaceuticals trade war USA
Steel environmental impact USA,Crude oil environmental impact USA,Copper trade war USA,Rubber environmental impact USA,Auto components trade agreement USA,Consumer durables trade agreement USA,Edible oil trade war USA,Chemicals trade agreement USA,Pharmaceuticals trade agreement USA
Steel patent USA,Crude oil patent USA,Copper patent USA,Rubber patent USA,Auto components environmental impact USA,Electronics trade war USA,Edible oil logistics USA,Chemicals logistics USA,Pharmaceuticals logistics USA
Steel logistics USA,Crude oil logistics USA,Copper market trends USA,Rubber supply chain USA,Auto components supply chain USA,Consumer durables supply chain USA,Edible oil sustainability USA,Chemicals patent USA,Pharmaceuticals sustainability USA
Steel supply chain USA,Crude oil supply chain USA,Copper supply chain USA,Rubber supply chain USA,Auto components market trends USA,Electronics supply chain USA,Edible oil supply chain USA,Chemicals supply chain USA,Pharmaceuticals supply chain USA
Nucor Corporation,Exxon Mobil Corporation,Freeport-McMoRan Inc.,Goodyear Tire & Rubber Company,General Motors,Apple Inc.,"Cargill, Incorporated",Dow Chemical Company,Pfizer Inc.
United States Steel Corporation,Chevron Corporation,Southern Copper Corporation,"Bridgestone Americas, Inc.",Ford Motor Company,"Samsung Electronics Co., Ltd.",Archer Daniels Midland Company,BASF Corporation,Johnson & Johnson
"Steel Dynamics, Inc.",ConocoPhillips,Asarco LLC (Grupo Mexico),"Michelin North America, Inc.","Tesla, Inc.",LG Electronics Inc.,Bunge Limited,"DuPont de Nemours, Inc.","Merck & Co., Inc."
ArcelorMittal USA LLC,Phillips 66,Rio Tinto Group,Continental AG,Stellantis N.V.,Sony Corporation,The J.M. Smucker Company,Eastman Chemical Company,AbbVie Inc.
AK Steel Holding Corporation,Valero Energy Corporation,BHP Billiton plc,"Sumitomo Rubber Industries, Ltd.",Toyota Motor Corporation,Whirlpool Corporation,"Conagra Brands, Inc.",LyondellBasell Industries N.V.,"Gilead Sciences, Inc."
